ref,value
order:2021-52-001,358
order:2021-52-002,358
order:2021-52-003,358
order:2021-52-004,358
order:2021-52-005,358
order:2021-52-006,358
order:2021-52-007,358
order:2021-52-008,358
order:2021-52-009,358
order:2021-52-010,358
order:2021-52-011,358
order:2021-52-012,358
order:2021-52-013,358
order:2021-52-014,358
order:2021-52-015,358
order:2021-52-016,358
order:2021-52-017,358
order:2021-52-018,358
order:2021-52-020,358
order:2021-52-021,358
order:2021-52-022,358
order:2021-52-023,358
order:2021-52-024,358
order:2021-52-025,358
order:2021-52-026,358
order:2021-52-027,358
order:2021-52-028,358
order:2021-52-029,358
order:2021-52-030,358
order:2021-52-031,358
order:2021-52-032,358
order:2021-52-033,358
order:2021-52-034,358
